wavelength,intensity
400.05,2.917e+12
400.41,3.849e+12
400.76,3.8658e+12
401.12,3.5286e+12
401.48,4.1302e+12
401.84,4.1302e+12
402.19,4.1302e+12
402.55,3.9093e+12
402.91,3.9093e+12
403.26,3.9093e+12
403.62,3.9093e+12
403.98,3.9093e+12
404.34,3.8942e+12
404.69,3.288e+12
405.05,3.288e+12
405.41,3.2903e+12
405.76,3.1757e+12
406.12,3.1757e+12
406.48,3.9457e+12
406.83,4.002e+12
407.19,4.002e+12
407.55,3.9457e+12
407.9,3.2248e+12
408.26,3.2822e+12
408.62,2.5121e+12
408.97,2.4512e+12
409.33,2.1972e+12
409.68,2.2582e+12
410.04,1.9204e+12
410.4,1.5129e+12
410.75,1.5129e+12
411.11,1.5393e+12
411.47,2.2582e+12
411.82,1.5393e+12
412.18,2.4333e+12
412.53,3.8285e+12
412.89,3.987e+12
413.25,3.8285e+12
413.6,3.987e+12
413.96,3.987e+12
414.31,4.3324e+12
414.67,5.3717e+12
415.03,4.3324e+12
415.38,4.3324e+12
415.74,4.1302e+12
416.09,4.5402e+12
416.45,2.359e+12
416.8,2.8967e+12
417.16,1.9505e+12
417.51,3.392e+12
417.87,3.392e+12
418.23,1.9505e+12
418.58,3.392e+12
418.94,4.9726e+12
419.29,5.1935e+12
419.65,3.6128e+12
420,5.2783e+12
420.36,5.2783e+12
420.71,5.2783e+12
421.07,4.1363e+12
421.42,2.9311e+12
421.78,3.0777e+12
422.13,2.516e+12
422.49,2.4955e+12
422.84,1.6637e+12
423.2,2.4955e+12
423.55,2.4955e+12
423.91,2.4955e+12
424.26,2.4955e+12
424.61,1.7752e+12
424.97,1.612e+12
425.32,6.0193e+11
425.68,3.7594e+11
426.03,3.7594e+11
426.39,1.8481e+12
426.74,3.7594e+11
427.1,2.4324e+11
427.45,2.4324e+11
427.8,2.4324e+11
428.16,2.4324e+11
428.51,1.1252e+12
428.87,2.2527e+12
429.22,2.2527e+12
429.58,2.2527e+12
429.93,1.1578e+12
430.28,1.1578e+12
430.64,2.2527e+12
430.99,1.1578e+12
431.35,1.1578e+12
431.7,1.9149e+12
432.05,1.159e+12
432.41,-1.8145e+10
432.76,1.159e+12
433.11,-1.8145e+10
433.47,-5.2855e+11
433.82,-1.1055e+12
434.17,-1.1055e+12
434.53,2.3363e+11
434.88,-1.1055e+12
435.24,-1.1055e+12
435.59,2.3363e+11
435.94,1.4356e+12
436.3,1.4356e+12
436.65,1.4356e+12
437,2.076e+12
437.35,2.4184e+12
437.71,2.3371e+12
438.06,2.4048e+12
438.41,2.4048e+12
438.77,2.4048e+12
439.12,2.4562e+12
439.47,2.3749e+12
439.83,1.8812e+12
440.18,1.8812e+12
440.53,1.8812e+12
440.88,1.8812e+12
441.24,1.2828e+12
441.59,9.2606e+11
441.94,9.2606e+11
442.3,7.3807e+11
442.65,-5.8127e+11
443,-9.4844e+11
443.35,-2.4032e+12
443.71,-1.5795e+12
444.06,-2.5102e+12
444.41,-2.5102e+12
444.76,-1.5795e+12
445.11,-6.3105e+11
445.47,3.6717e+11
445.82,1.3593e+12
446.17,2.8916e+12
446.52,3.825e+12
446.88,3.825e+12
447.23,3.825e+12
447.58,3.825e+12
447.93,3.825e+12
448.28,3.652e+12
448.63,3.5197e+12
448.99,2.7141e+12
449.34,2.1128e+12
449.69,3.9136e+11
450.04,3.9136e+11
450.39,1.5155e+12
450.74,1.5155e+12
451.1,9.6802e+11
451.45,3.129e+11
451.8,3.901e+11
452.15,3.901e+11
452.5,3.901e+11
452.85,3.901e+11
453.21,9.6802e+11
453.56,3.901e+11
453.91,2.6389e+10
454.26,2.6389e+10
454.61,2.6389e+10
454.96,8.1252e+11
455.31,3.2352e+11
455.66,1.8318e+12
456.01,2.4095e+12
456.36,1.8819e+12
456.72,1.0626e+11
457.07,1.0626e+11
457.42,1.0626e+11
457.77,1.5776e+12
458.12,1.5776e+12
458.47,1.0626e+11
458.82,1.5776e+12
459.17,-6.5851e+10
459.52,-6.5851e+10
459.87,-1.8466e+12
460.22,-3.9149e+11
460.57,1.8799e+12
460.92,2.2789e+12
461.27,2.0904e+12
461.62,7.4726e+11
461.97,2.0904e+12
462.32,2.0904e+12
462.67,3.2113e+12
463.02,3.2113e+12
463.38,4.0459e+12
463.73,3.2113e+12
464.08,3.0404e+12
464.43,3.0404e+12
464.78,4.0459e+12
465.12,4.0459e+12
465.47,3.1531e+12
465.82,1.3581e+12
466.17,4.4428e+11
466.52,1.2914e+12
466.87,4.4428e+11
467.22,3.1657e+11
467.57,3.1657e+11
467.92,2.4869e+11
468.27,2.4869e+11
468.62,3.1657e+11
468.97,6.4118e+11
469.32,1.3172e+12
469.67,1.3172e+12
470.02,1.3172e+12
470.37,1.3172e+12
470.72,2.3093e+12
471.07,1.9614e+12
471.42,1.9614e+12
471.76,1.8709e+12
472.11,1.3154e+12
472.46,6.6269e+11
472.81,-9.6551e+10
473.16,4.4387e+11
473.51,-1.8974e+11
473.86,-9.0149e+11
474.21,-1.081e+12
474.56,-9.0149e+11
474.9,-3.6107e+11
475.25,-3.6107e+11
475.6,-1.0932e+12
475.95,-8.0906e+11
476.3,-9.7315e+10
476.65,-8.0906e+11
477,-2.1986e+11
477.34,3.3323e+11
477.69,7.0804e+11
478.04,4.804e+11
478.39,-2.1986e+11
478.74,-5.0663e+11
479.09,-5.0663e+11
479.43,-6.7434e+11
479.78,-1.0041e+12
480.13,-6.7434e+11
480.48,-6.7434e+11
480.83,-1.0041e+12
481.17,-1.0041e+12
481.52,-7.9775e+11
481.87,-4.8272e+11
482.22,-8.1252e+11
482.57,-6.508e+11
482.91,-2.6481e+11
483.26,-1.6067e+10
483.61,2.1384e+11
483.96,-2.4874e+11
484.3,-2.4874e+11
484.65,-6.508e+11
485,-1.0304e+12
485.35,-1.0304e+12
485.69,-4.0206e+11
486.04,-6.2838e+11
486.39,-7.6041e+11
486.74,-8.1816e+11
487.08,-1.3398e+12
487.43,-1.3398e+12
487.78,-8.1816e+11
488.12,-3.2181e+11
488.47,-2.9279e+10
488.82,-3.2181e+11
489.17,-6.1083e+11
489.51,-3.2181e+11
489.86,-6.1083e+11
490.21,-1.1325e+12
490.55,-1.1996e+11
490.9,6.7473e+11
491.25,-1.1996e+11
491.59,-1.1904e+12
491.94,-1.1904e+12
492.29,-4.683e+11
492.63,4.7026e+11
492.98,5.5147e+11
493.33,7.325e+11
493.67,7.7678e+11
494.02,7.325e+11
494.37,7.4468e+11
494.71,7.4468e+11
495.06,9.7128e+11
495.4,7.4468e+11
495.75,7.583e+11
496.1,9.8934e+11
496.44,9.8934e+11
496.79,1.3962e+12
497.13,1.3962e+12
497.48,1.3962e+12
497.83,9.8934e+11
498.17,9.8934e+11
498.52,8.1885e+11
498.86,8.1885e+11
499.21,4.3894e+11
499.56,5.6413e+10
499.9,5.6413e+10
500.25,5.6413e+10
500.59,5.6413e+10
500.94,4.3898e+11
501.28,4.3898e+11
501.63,9.0543e+11
501.97,5.6503e+11
502.32,5.6503e+11
502.67,5.6503e+11
503.01,5.6503e+11
503.36,-4.2958e+10
503.7,-4.2958e+10
504.05,-7.9676e+11
504.39,-9.9595e+11
504.74,-7.4455e+11
505.08,-7.4455e+11
505.43,-1.1155e+12
505.77,-8.4168e+11
506.12,-1.1155e+12
506.46,-1.1155e+12
506.81,-8.4168e+11
507.15,-1.3625e+12
507.49,-1.3625e+12
507.84,-1.3625e+12
508.18,-1.3401e+12
508.53,-2.0165e+12
508.87,-1.7814e+12
509.22,-1.7814e+12
509.56,-1.1356e+12
509.91,-4.4017e+11
510.25,-4.4017e+11
510.6,-3.6889e+11
510.94,-3.6889e+11
511.28,-8.0906e+11
511.63,-8.0906e+11
511.97,-3.2694e+11
512.32,1.2719e+11
512.66,5.3333e+11
513,4.7715e+11
513.35,4.7715e+11
513.69,4.6435e+11
514.04,4.6435e+11
514.38,4.6435e+11
514.72,7.7103e+11
515.07,7.7103e+11
515.41,7.7103e+11
515.76,3.7912e+11
516.1,3.7912e+11
516.44,-2.5329e+11
516.79,3.7912e+11
517.13,-2.5329e+11
517.47,-2.5329e+11
517.82,-2.5329e+11
518.16,-7.1455e+11
518.5,-9.7163e+11
518.85,-9.7163e+11
519.19,-9.7163e+11
519.53,-9.7163e+11
519.88,-6.2912e+11
520.22,-6.2912e+11
520.56,-6.2912e+11
520.91,-2.6574e+11
521.25,-2.6574e+11
521.59,-2.6574e+11
521.93,-2.6574e+11
522.28,-4.354e+11
522.62,-4.354e+11
522.96,-7.427e+11
523.31,-7.427e+11
523.65,-7.427e+11
523.99,-3.2411e+11
524.33,-3.2411e+11
524.68,-2.2533e+11
525.02,-2.2533e+11
525.36,3.8718e+11
525.7,3.8718e+11
526.05,2.7499e+11
526.39,2.7499e+11
526.73,-5.2184e+11
527.07,-5.2184e+11
527.41,-5.2184e+11
527.76,-7.3227e+11
528.1,-7.3227e+11
528.44,-2.6783e+11
528.78,-3.9623e+11
529.12,-3.9623e+11
529.47,-5.9989e+11
529.81,4.2111e+10
530.15,4.2111e+10
530.49,4.2111e+10
530.83,-4.31e+11
531.18,4.2111e+10
531.52,2.7351e+11
531.86,4.4266e+10
532.2,-5.6428e+10
532.54,4.6475e+11
532.88,4.6475e+11
533.22,4.6475e+11
533.57,8.2696e+11
533.91,4.6475e+11
534.25,4.6475e+11
534.59,1.4549e+11
534.93,1.4549e+11
535.27,4.2233e+11
535.61,4.2233e+11
535.95,1.0224e+11
536.3,4.2233e+11
536.64,1.0224e+11
536.98,1.0224e+11
537.32,1.0224e+11
537.66,4.2233e+11
538,4.0841e+11
538.34,7.3767e+10
538.68,7.3767e+10
539.02,5.4562e+11
539.36,8.5452e+11
539.7,3.6812e+11
540.04,8.5452e+11
540.39,3.6812e+11
540.73,1.0309e+12
541.07,4.4254e+11
541.41,1.0309e+12
541.75,1.3913e+12
542.09,1.0374e+12
542.43,1.0374e+12
542.77,1.0584e+12
543.11,1.0584e+12
543.45,1.0584e+12
543.79,1.4189e+12
544.13,1.0796e+12
544.47,1.2357e+12
544.81,1.2357e+12
545.15,1.2357e+12
545.49,1.2357e+12
545.83,9.6195e+11
546.17,9.6195e+11
546.51,9.6195e+11
546.85,7.4975e+11
547.19,6.8652e+11
547.53,6.7619e+11
547.87,6.7619e+11
548.21,6.7619e+11
548.54,6.7619e+11
548.88,6.7619e+11
549.22,8.76e+11
549.56,1.9292e+12
549.9,2.9649e+12
550.24,2.9649e+12
550.58,3.0983e+12
550.92,3.0983e+12
551.26,3.0983e+12
551.6,2.9649e+12
551.94,2.9649e+12
552.28,3.0295e+12
552.61,2.7702e+12
552.95,2.7702e+12
553.29,2.7702e+12
553.63,2.7702e+12
553.97,2.1849e+12
554.31,2.3155e+12
554.65,2.3155e+12
554.99,2.3155e+12
555.32,2.3155e+12
555.66,2.3155e+12
556,2.5994e+12
556.34,2.5994e+12
556.68,2.1465e+12
557.02,2.5994e+12
557.36,2.5994e+12
557.69,2.3042e+12
558.03,3.0314e+12
558.37,3.3365e+12
558.71,3.7129e+12
559.05,3.8026e+12
559.38,3.3365e+12
559.72,3.3365e+12
560.06,3.8026e+12
560.4,3.8026e+12
560.74,4.0525e+12
561.07,4.3209e+12
561.41,4.3209e+12
561.75,4.8307e+12
562.09,4.7716e+12
562.42,4.9204e+12
562.76,4.9204e+12
563.1,4.4847e+12
563.44,4.4847e+12
563.77,4.9204e+12
564.11,4.9204e+12
564.45,4.4847e+12
564.79,4.9204e+12
565.12,4.9204e+12
565.46,5.4289e+12
565.8,5.6579e+12
566.14,6.2716e+12
566.47,6.2716e+12
566.81,6.2716e+12
567.15,6.2716e+12
567.48,6.549e+12
567.82,6.549e+12
568.16,6.6656e+12
568.49,6.2689e+12
568.83,6.2653e+12
569.17,6.2757e+12
569.5,6.2757e+12
569.84,6.2757e+12
570.18,6.2757e+12
570.51,6.2757e+12
570.85,5.9947e+12
571.19,5.9947e+12
571.52,5.9947e+12
571.86,6.3564e+12
572.2,7.0907e+12
572.53,7.0907e+12
572.87,6.3508e+12
573.21,6.3508e+12
573.54,6.3508e+12
573.88,6.3508e+12
574.21,7.091e+12
574.55,7.767e+12
574.89,8.1704e+12
575.22,8.9429e+12
575.56,9.7495e+12
575.89,1.0186e+13
576.23,1.0735e+13
576.57,1.0814e+13
576.9,1.1606e+13
577.24,1.178e+13
577.57,1.178e+13
577.91,1.2305e+13
578.24,1.1864e+13
578.58,1.1864e+13
578.91,1.2023e+13
579.25,1.2023e+13
579.59,1.1497e+13
579.92,1.1497e+13
580.26,1.1321e+13
580.59,1.148e+13
580.93,1.148e+13
581.26,1.148e+13
581.6,1.3454e+13
581.93,1.249e+13
582.27,1.4289e+13
582.6,1.2871e+13
582.94,1.2871e+13
583.27,1.4289e+13
583.61,1.4289e+13
583.94,1.4289e+13
584.28,1.5507e+13
584.61,1.6271e+13
584.94,1.6271e+13
585.28,1.6886e+13
585.61,1.7253e+13
585.95,1.7253e+13
586.28,1.7253e+13
586.62,1.7606e+13
586.95,1.7606e+13
587.29,1.7606e+13
587.62,1.7606e+13
587.95,1.739e+13
588.29,1.709e+13
588.62,1.709e+13
588.96,1.6336e+13
589.29,1.709e+13
589.62,1.7469e+13
589.96,1.7469e+13
590.29,1.7914e+13
590.63,1.7914e+13
590.96,1.7861e+13
591.29,1.7861e+13
591.63,1.8103e+13
591.96,1.8103e+13
592.29,1.8103e+13
592.63,1.7262e+13
592.96,1.7262e+13
593.3,1.6308e+13
593.63,1.6135e+13
593.96,1.6146e+13
594.3,1.6146e+13
594.63,1.6146e+13
594.96,1.6146e+13
595.3,1.7989e+13
595.63,2.0222e+13
595.96,2.0222e+13
596.29,2.1101e+13
596.63,2.1101e+13
596.96,2.1101e+13
597.29,2.1901e+13
597.63,2.1457e+13
597.96,2.1751e+13
598.29,2.1457e+13
598.63,2.007e+13
598.96,2.007e+13
599.29,2.1457e+13
599.62,2.1457e+13
599.96,2.1751e+13
600.29,2.1751e+13
600.62,2.2395e+13
600.95,2.2395e+13
601.29,2.1743e+13
601.62,2.3029e+13
601.95,2.3179e+13
602.28,2.3179e+13
602.61,2.3736e+13
602.95,2.264e+13
603.28,2.264e+13
603.61,2.264e+13
603.94,2.264e+13
604.27,2.264e+13
604.61,2.2964e+13
604.94,2.2964e+13
605.27,2.3221e+13
605.6,2.3221e+13
605.93,2.253e+13
606.27,2.2814e+13
606.6,2.2134e+13
606.93,2.2134e+13
607.26,2.2134e+13
607.59,2.1836e+13
607.92,2.1836e+13
608.26,2.0866e+13
608.59,2.0866e+13
608.92,2.1615e+13
609.25,2.1615e+13
609.58,2.1615e+13
609.91,2.2562e+13
610.24,2.2814e+13
610.57,2.2814e+13
610.9,2.2988e+13
611.24,2.2988e+13
611.57,2.2988e+13
611.9,2.2988e+13
612.23,2.3153e+13
612.56,2.3153e+13
612.89,2.3714e+13
613.22,2.4021e+13
613.55,2.4021e+13
613.88,2.3992e+13
614.21,2.2846e+13
614.54,2.2846e+13
614.87,2.3206e+13
615.2,2.4033e+13
615.53,2.4033e+13
615.87,2.5587e+13
616.2,2.4256e+13
616.53,2.347e+13
616.86,2.4037e+13
617.19,2.3561e+13
617.52,2.4037e+13
617.85,2.3657e+13
618.18,2.3657e+13
618.51,2.3525e+13
618.84,2.3525e+13
619.17,2.3525e+13
619.5,2.3525e+13
619.83,2.3752e+13
620.16,2.3752e+13
620.49,2.4414e+13
620.82,2.3752e+13
621.14,2.4414e+13
621.47,2.5284e+13
621.8,2.6249e+13
622.13,2.6249e+13
622.46,2.716e+13
622.79,2.7396e+13
623.12,2.7396e+13
623.45,2.7338e+13
623.78,2.7469e+13
624.11,2.8135e+13
624.44,2.7366e+13
624.77,2.7366e+13
625.1,2.6701e+13
625.43,2.7366e+13
625.75,2.6701e+13
626.08,2.6701e+13
626.41,2.7366e+13
626.74,2.7366e+13
627.07,2.7366e+13
627.4,2.7528e+13
627.73,2.6187e+13
628.06,2.5555e+13
628.38,2.5555e+13
628.71,2.4122e+13
629.04,2.4122e+13
629.37,2.4749e+13
629.7,2.4749e+13
630.03,2.3916e+13
630.36,2.3003e+13
630.68,2.2355e+13
631.01,2.2112e+13
631.34,2.2112e+13
631.67,2.231e+13
632,2.231e+13
632.32,2.3137e+13
632.65,2.3137e+13
632.98,2.231e+13
633.31,2.231e+13
633.64,2.231e+13
633.96,2.3098e+13
634.29,2.3788e+13
634.62,2.3788e+13
634.95,2.3127e+13
635.27,2.1996e+13
635.6,2.1996e+13
635.93,2.0246e+13
636.26,2.0246e+13
636.58,2.0405e+13
636.91,2.0597e+13
637.24,2.0597e+13
637.57,2.0365e+13
637.89,2.1639e+13
638.22,2.1639e+13
638.55,2.1639e+13
638.87,2.1128e+13
639.2,2.1249e+13
639.53,2.1639e+13
639.86,2.2657e+13
640.18,2.2425e+13
640.51,2.157e+13
640.84,2.1628e+13
641.16,2.1307e+13
641.49,2.1307e+13
641.82,2.1307e+13
642.14,2.1307e+13
642.47,2.0587e+13
642.8,2.0587e+13
643.12,2.0587e+13
643.45,2.0587e+13
643.78,2.0587e+13
644.1,2.1141e+13
644.43,2.1141e+13
644.75,2.1141e+13
645.08,2.2756e+13
645.41,2.2756e+13
645.73,2.2756e+13
646.06,2.2654e+13
646.39,2.278e+13
646.71,2.278e+13
647.04,2.3017e+13
647.36,2.3017e+13
647.69,2.3017e+13
648.01,2.3017e+13
648.34,2.3189e+13
648.67,2.3804e+13
648.99,2.3804e+13
649.32,2.3804e+13
649.64,2.3678e+13
649.97,2.3804e+13
650.29,2.3804e+13
650.62,2.3678e+13
650.94,2.3678e+13
651.27,2.2887e+13
651.59,2.0714e+13
651.92,1.9254e+13
652.25,1.9087e+13
652.57,1.8305e+13
652.9,1.8305e+13
653.22,1.8305e+13
653.55,1.8305e+13
653.87,1.8325e+13
654.2,1.745e+13
654.52,1.6434e+13
654.84,1.6434e+13
655.17,1.6434e+13
655.49,1.8325e+13
655.82,1.7124e+13
656.14,1.9295e+13
656.47,1.9295e+13
656.79,1.8504e+13
657.12,1.8504e+13
657.44,2.1055e+13
657.77,2.1055e+13
658.09,1.9083e+13
658.41,2.1055e+13
658.74,2.0563e+13
659.06,2.0563e+13
659.39,1.8157e+13
659.71,1.7578e+13
660.03,1.7319e+13
660.36,1.7319e+13
660.68,1.6864e+13
661.01,1.7267e+13
661.33,1.5949e+13
661.65,1.5949e+13
661.98,1.7267e+13
662.3,1.6385e+13
662.63,1.7495e+13
662.95,1.7495e+13
663.27,1.7495e+13
663.6,1.7495e+13
663.92,1.8245e+13
664.24,1.7068e+13
664.57,1.8245e+13
664.89,1.8585e+13
665.21,1.8188e+13
665.54,1.8188e+13
665.86,1.6334e+13
666.18,1.6334e+13
666.51,1.5389e+13
666.83,1.2473e+13
667.15,1.1409e+13
667.47,1.2473e+13
667.8,1.2473e+13
668.12,1.2473e+13
668.44,1.2473e+13
668.77,1.2547e+13
669.09,1.4138e+13
669.41,1.5923e+13
669.73,1.5923e+13
670.06,1.7193e+13
670.38,1.8193e+13
670.7,1.7193e+13
671.02,1.5923e+13
671.35,1.4138e+13
671.67,1.3083e+13
671.99,1.3677e+13
672.31,1.189e+13
672.63,1.189e+13
672.96,1.2866e+13
673.28,1.189e+13
673.6,1.189e+13
673.92,1.189e+13
674.24,1.1018e+13
674.57,1.1994e+13
674.89,1.1994e+13
675.21,1.1866e+13
675.53,1.2982e+13
675.85,1.1866e+13
676.17,1.0399e+13
676.5,1.1386e+13
676.82,1.1386e+13
677.14,1.1386e+13
677.46,1.3168e+13
677.78,1.0327e+13
678.1,1.1365e+13
678.42,8.8808e+12
678.75,8.4031e+12
679.07,9.3974e+12
679.39,1.1678e+13
679.71,9.3974e+12
680.03,9.3974e+12
680.35,9.3974e+12
680.67,8.7888e+12
680.99,8.7888e+12
681.31,8.7888e+12
681.63,8.7888e+12
681.96,9.7277e+12
682.28,9.7277e+12
682.6,9.7277e+12
682.92,9.7277e+12
683.24,8.6445e+12
683.56,8.6445e+12
683.88,8.3262e+12
684.2,7.4678e+12
684.52,6.0331e+12
684.84,4.9088e+12
685.16,2.4259e+12
685.48,2.4259e+12
685.8,2.4259e+12
686.12,4.9088e+12
686.44,5.1801e+12
686.76,5.1801e+12
687.08,6.8183e+12
687.4,4.5954e+12
687.72,5.2672e+12
688.04,5.2672e+12
688.36,7.661e+12
688.68,6.0651e+12
689,4.0001e+12
689.32,2.5304e+12
689.64,2.5304e+12
689.96,4.0001e+12
690.28,3.1868e+12
690.6,4.0001e+12
690.92,7.486e+12
691.24,1.0912e+13
691.56,7.486e+12
691.88,9.7505e+12
692.19,1.0912e+13
692.51,1.2094e+13
692.83,1.2588e+13
693.15,1.3117e+13
693.47,1.3117e+13
693.79,1.3117e+13
694.11,1.3117e+13
694.43,1.3117e+13
694.75,1.3117e+13
695.06,1.3117e+13
695.38,1.1376e+13
695.7,8.4457e+12
696.02,8.4457e+12
696.34,8.4457e+12
696.66,8.8298e+12
696.98,8.8298e+12
697.29,6.7827e+12
697.61,6.7827e+12
697.93,6.7827e+12
698.25,9.9333e+12
698.57,9.9333e+12
698.89,9.9333e+12
699.2,7.6767e+12
699.52,7.6767e+12
699.84,5.4238e+12
700.16,9.4255e+12
700.48,1.4097e+13
700.79,1.0558e+13
701.11,7.9811e+12
701.43,5.4238e+12
701.75,7.9811e+12
702.07,7.9811e+12
702.38,6.8937e+12
702.7,6.8937e+12
703.02,1.0442e+13
703.34,1.0442e+13
703.65,1.0442e+13
703.97,8.2228e+12
704.29,8.2228e+12
704.61,8.2228e+12
704.92,7.8809e+12
705.24,6.112e+12
705.56,6.5511e+12
705.87,1.5756e+12
706.19,4.8513e+11
706.51,-2.0554e+12
706.82,-2.0554e+12
707.14,-2.0554e+12
707.46,-4.1667e+12
707.78,-6.097e+12
708.09,-6.097e+12
708.41,-7.9758e+12
708.73,-7.9758e+12
709.04,-9.9813e+12
709.36,-1.1874e+13
709.68,-1.1874e+13
709.99,-1.4105e+13
710.31,-1.0378e+13
710.62,-7.3846e+12
710.94,-7.3846e+12
711.26,-7.3846e+12
711.57,-3.2182e+12
711.89,-3.2182e+12
712.21,3.7173e+11
712.52,3.7173e+11
712.84,3.7173e+11
713.15,2.3978e+12
713.47,3.7173e+11
713.79,2.3978e+12
714.1,5.0877e+12
714.42,6.1799e+12
714.73,6.1799e+12
715.05,7.5054e+12
715.36,6.1799e+12
715.68,6.5247e+12
715.99,6.1799e+12
716.31,6.1799e+12
716.63,6.1799e+12
716.94,2.6691e+12
717.26,-8.0757e+11
717.57,-8.0757e+11
717.89,3.0139e+12
718.2,-8.0757e+11
718.52,-2.7474e+12
718.83,-2.7474e+12
719.15,8.9762e+11
719.46,8.9762e+11
719.78,5.3929e+12
720.09,8.3499e+12
720.41,8.3499e+12
720.72,5.3929e+12
721.04,7.3499e+11
721.35,7.3499e+11
721.67,1.8588e+12
721.98,1.0234e+12
722.29,-2.1779e+11
722.61,-2.1779e+11
722.92,-3.271e+11
723.24,-1.7036e+12
723.55,-1.7036e+12
723.87,-6.8907e+11
724.18,7.9673e+11
724.5,1.0234e+12
724.81,9.1404e+11
725.12,-6.8907e+11
725.44,1.6479e+12
725.75,-1.3014e+12
726.07,-3.409e+11
726.38,-8.5646e+11
726.69,-2.1916e+12
727.01,-1.7095e+12
727.32,-1.4676e+12
727.63,-1.5311e+13
727.95,-9.7873e+12
728.26,4.6682e+12
728.58,2.1087e+11
728.89,4.6633e+12
729.2,1.3505e+12
729.52,1.3505e+12
729.83,1.3505e+12
730.14,-2.0538e+12
730.46,-3.1934e+12
730.77,-2.0538e+12
731.08,-2.0538e+12
731.39,-3.1934e+12
731.71,-3.5433e+12
732.02,-3.5433e+12
732.33,-8.1065e+12
732.65,-3.5433e+12
732.96,-2.3064e+12
733.27,4.4962e+11
733.59,2.2216e+12
733.9,2.2216e+12
734.21,2.2216e+12
734.52,2.2216e+12
734.84,2.2216e+12
735.15,1.6955e+12
735.46,2.7397e+12
735.77,5.7965e+12
736.09,3.6959e+12
736.4,3.3414e+12
736.71,2.3852e+12
737.02,2.3852e+12
737.33,3.3414e+12
737.65,3.3414e+12
737.96,3.3414e+12
738.27,7.189e+12
738.58,3.3414e+12
738.89,3.3414e+12
739.21,1.9395e+12
739.52,3.2382e+11
739.83,3.2382e+11
740.14,-3.6526e+12
740.45,-7.76e+12
740.76,-7.76e+12
741.08,-7.76e+12
741.39,-1.3736e+13
741.7,-1.3736e+13
742.01,-1.3736e+13
742.32,-1.3736e+13
742.63,-1.3736e+13
742.94,-1.3736e+13
743.26,-1.7192e+13
743.57,-2.8332e+13
743.88,-1.1628e+13
744.19,-1.5233e+13
744.5,4.3071e+12
744.81,-2.3867e+12
745.12,-1.1712e+13
745.43,-1.5922e+13
745.74,-9.6857e+12
746.05,-6.0753e+12
746.36,-2.3867e+12
746.67,-2.3867e+12
746.99,-6.0753e+12
747.3,-6.0753e+12
747.61,-6.0753e+12
747.92,-2.6498e+12
748.23,-2.6498e+12
748.54,-2.6498e+12
748.85,-2.6498e+12
749.16,1.4042e+12
749.47,1.4042e+12
749.78,1.4042e+12
750.09,5.6924e+12
750.4,1.4042e+12
750.71,5.6924e+12
751.02,-2.6342e+12
751.33,2.1633e+12
751.64,6.4231e+12
751.95,6.4231e+12
752.26,6.4231e+12
752.57,1.2473e+13
752.88,1.6157e+13
753.19,6.5779e+12
753.5,6.5779e+12
753.81,2.742e+12
754.11,2.742e+12
754.42,-1.4276e+12
754.73,-1.4276e+12
755.04,2.4084e+12
755.35,-4.4036e+12
755.66,-7.001e+12
755.97,-1.7859e+13
756.28,-7.8716e+12
756.59,-7.8716e+12
756.9,-5.2743e+12
757.21,-5.2743e+12
757.52,-2.4509e+12
757.82,-2.4509e+12
758.13,-2.4509e+12
758.44,-4.3631e+12
758.75,-3.8633e+11
759.06,2.4889e+12
759.37,2.4889e+12
759.68,9.7175e+11
759.98,9.7175e+11
760.29,9.7175e+11
760.6,4.3285e+12
760.91,4.3285e+12
761.22,8.7659e+12
761.53,1.9227e+13
761.83,2.182e+13
762.14,2.182e+13
762.45,2.182e+13
762.76,2.2113e+13
763.07,2.2816e+13
763.37,2.7746e+13
763.68,2.7746e+13
763.99,2.7746e+13
764.3,2.0753e+13
764.6,1.553e+13
764.91,1.4997e+13
765.22,1.4997e+13
765.53,1.413e+13
765.84,1.3672e+13
766.14,1.3672e+13
766.45,1.3672e+13
766.76,7.9471e+12
767.06,7.9471e+12
767.37,7.9471e+12
767.68,7.6017e+12
767.99,1.3672e+13
768.29,1.0928e+13
768.6,1.0928e+13
768.91,1.5965e+13
769.21,4.8579e+12
769.52,-6.8663e+12
769.83,-1.3003e+13
770.13,-1.364e+13
770.44,-1.2852e+13
770.75,-1.0144e+13
771.05,-1.2852e+13
771.36,-1.571e+13
771.67,-1.2852e+13
771.97,-1.2852e+13
772.28,-1.0144e+13
772.59,-5.5381e+12
772.89,4.0922e+12
773.2,1.1349e+13
773.51,1.489e+13
773.81,1.489e+13
774.12,1.489e+13
774.42,1.489e+13
774.73,1.489e+13
775.04,1.0133e+13
775.34,8.4171e+12
775.65,-4.7005e+12
775.95,-4.7005e+12
776.26,-4.7005e+12
776.56,-7.4789e+12
776.87,-7.4789e+12
777.18,-8.3698e+12
777.48,-8.3698e+12
777.79,-8.3698e+12
778.09,-9.5386e+12
778.4,-9.5386e+12
778.7,4.61e+12
779.01,-9.5386e+12
779.31,-2.1241e+13
779.62,-2.1241e+13
779.92,-1.1083e+13
780.23,-1.1083e+13
780.53,3.066e+12
780.84,-1.1083e+13
781.14,3.066e+12
781.45,3.066e+12
781.75,3.6925e+11
782.06,3.6925e+11
782.36,3.6925e+11
782.67,-1.2703e+13
782.97,-1.1011e+13
783.28,2.8818e+11
783.58,-1.2784e+13
783.89,-1.2784e+13
784.19,-1.2784e+13
784.49,-1.2784e+13
784.8,-1.2784e+13
785.1,-1.2784e+13
785.41,-3.6988e+11
785.71,-3.6988e+11
786.02,-3.6988e+11
786.32,-5.3688e+12
786.62,2.2744e+12
786.93,2.2744e+12
787.23,-5.3688e+12
787.54,-1.8859e+13
787.84,-2.8594e+13
788.14,-2.7806e+13
788.45,-2.7806e+13
788.75,-2.7806e+13
789.05,-3.0165e+13
789.36,-4.3897e+13
789.66,-4.3897e+13
789.96,-4.3108e+13
790.27,-4.5605e+13
790.57,-4.5605e+13
790.87,-3.1873e+13
791.18,-1.9943e+13
791.48,-1.9943e+13
791.78,-2.3071e+12
792.09,-2.3071e+12
792.39,-2.3071e+12
792.69,-1.9943e+13
793,-3.723e+13
793.3,-4.4453e+13
793.6,-2.2804e+13
793.9,-2.2804e+13
794.21,-2.193e+13
794.51,-4.4453e+13
794.81,-5.3346e+13
795.11,-4.4453e+13
795.42,-2.6291e+13
795.72,-3.0823e+13
796.02,-3.0823e+13
796.32,-3.0823e+13
796.63,-3.0823e+13
796.93,-5.864e+13
797.23,-5.9971e+13
797.53,-5.9971e+13
797.84,-6.4941e+13
798.14,-6.4941e+13
798.44,-7.3944e+13
798.74,-7.013e+13
799.04,-7.013e+13
799.34,-5.8935e+13
799.65,-5.8935e+13
799.95,-2.4045e+13